{"items":{"1":{"id":1,"price":20.3,"itemName":"Rind","itemActive":true,"imgPath":"a\/b\/c","category":"MEAT"},"2":{"id":2,"price":15.2,"itemName":"Schwein","itemActive":true,"imgPath":"further implementation required...","category":"MEAT"},"3":{"id":3,"price":11.2,"itemName":"Geflügel","itemActive":true,"imgPath":"a\/b\/c","category":"MEAT"},"4":{"id":4,"price":5.3,"itemName":"Shampoo","itemActive":true,"imgPath":"a\/b\/c","category":"NONFOOD"},"5":{"id":5,"price":1.2,"itemName":"WC-Papier","itemActive":true,"imgPath":"a\/b\/c","category":"NONFOOD"},"6":{"id":6,"price":0.9,"itemName":"Apfel","itemActive":true,"imgPath":"a\/b\/c","category":"VEGETABLES"},"7":{"id":7,"price":4.2,"itemName":"Erdbeeren","itemActive":true,"imgPath":"further implementation required...","category":"NONFOOD"},"8":{"id":8,"price":2.2,"itemName":"Karrotten","itemActive":true,"imgPath":"\/data\/user\/0\/ch.fhnw.shoppingorganizer\/app_imageDir\/Karrotten2020-04-13 18:57:52.815.jpg","category":"VEGETABLES"},"9":{"id":9,"price":1.7,"itemName":"Lauch","itemActive":true,"imgPath":"a\/b\/c","category":"VEGETABLES"},"10":{"id":10,"price":2.3,"itemName":"Avocado","itemActive":true,"imgPath":"a\/b\/c","category":"VEGETABLES"},"11":{"id":11,"price":7.6,"itemName":"Forelle","itemActive":true,"imgPath":"a\/b\/c","category":"FISH"},"12":{"id":12,"price":8,"itemName":"Lachs","itemActive":true,"imgPath":"\/data\/user\/0\/ch.fhnw.shoppingorganizer\/app_imageDir\/Lachs2020-04-13 15:39:32.13.jpg","category":"FISH"},"13":{"id":13,"price":2.75,"itemName":"Barilla","itemActive":true,"imgPath":"a\/b\/c","category":"PASTA"},"14":{"id":14,"price":5.60,"itemName":"yannik","itemActive":true,"imgPath":"further implementation required...","category":"NONE"},"15":{"id":15,"price":60.8,"itemName":"avoid","itemActive":true,"imgPath":"further implementation required...","category":"NONE"},"16":{"id":16,"price":2,"itemName":"abc","itemActive":true,"imgPath":"further implementation required...","category":"VEGETABLES"},"17":{"id":17,"price":69,"itemName":"test1234","itemActive":true,"imgPath":"further implementation required...","category":"FISH"},"18":{"id":18,"price":20.9,"itemName":"ananas","itemActive":true,"imgPath":"\/data\/user\/0\/ch.fhnw.shoppingorganizer\/app_imageDir\/2020-04-13 15:38:34.305.jpg","category":"VEGETABLES"}},"listItems":{"1":{"id":1,"quantity":3,"itemState":false,"shoppingItem":2,"shoppingList":1},"2":{"id":2,"quantity":1,"itemState":false,"shoppingItem":5,"shoppingList":1},"3":{"id":3,"quantity":7,"itemState":false,"shoppingItem":7,"shoppingList":1},"4":{"id":4,"quantity":13,"itemState":false,"shoppingItem":17,"shoppingList":1},"5":{"id":5,"quantity":2,"itemState":false,"shoppingItem":18,"shoppingList":1}},"lists":{"1":{"id":1,"listName":"Einkaufsliste (IMPORTED)"}}}